,N,E,Directed?,Weighted?,alpha_f_PR,alpha_r_PR,beta_r_BPR,Type
Random_10_0.3_0,10,24,True,False,0.004826,0.422535,0.425,Random
Random_10_0.3_1,10,35,True,False,0.001361,0.359281,0.425,Random
Random_10_0.3_2,10,23,True,False,0.003333,0.545455,0.535,Random
Random_10_0.3_3,10,30,True,False,0.000743,0.512821,0.495,Random
Random_10_0.3_4,10,24,True,False,0.000976,0.428571,0.495,Random
Random_10_0.3_5,10,21,True,False,0.006549,0.428571,0.445,Random
Random_10_0.3_6,10,27,True,False,0.005459,0.382166,0.435,Random
Random_10_0.3_7,10,18,True,False,0.00484,0.307692,0.385,Random
Random_10_0.3_8,10,26,True,False,0.003632,0.705882,0.655,Random
Random_10_0.3_9,10,31,True,False,0.006404,0.413793,0.445,Random
Random_10_0.5_0,10,47,True,False,0.001955,0.603015,0.595,Random
Random_10_0.5_1,10,42,True,False,0.000929,0.560748,0.575,Random
Random_10_0.5_2,10,47,True,False,0.007332,0.731707,0.725,Random
Random_10_0.5_3,10,55,True,False,0.007211,0.758123,0.715,Random
Random_10_0.5_4,10,41,True,False,0.000342,0.47619,0.505,Random
Random_10_0.5_5,10,44,True,False,0.001409,0.594059,0.595,Random
Random_10_0.5_6,10,46,True,False,4e-05,0.530973,0.555,Random
Random_10_0.5_7,10,49,True,False,0.001969,0.685155,0.645,Random
Random_10_0.5_8,10,45,True,False,0.000834,0.689655,0.685,Random
Random_10_0.5_9,10,45,True,False,0.001856,0.46332,0.495,Random
Random_1010_0.0029702970297029703_0,1010,3108,True,False,0.000694,0.218978,0.325,Random
Random_1010_0.0029702970297029703_1,1010,3005,True,False,0.000709,0.247934,0.345,Random
Random_1010_0.0029702970297029703_2,1010,3007,True,False,0.000131,0.253165,0.345,Random
Random_1010_0.0029702970297029703_3,1010,3058,True,False,0.000101,0.216606,0.315,Random
Random_1010_0.0029702970297029703_4,1010,3003,True,False,0.000272,0.27833,0.365,Random
Random_1010_0.0029702970297029703_5,1010,2984,True,False,0.000725,0.205128,0.315,Random
Random_1010_0.0029702970297029703_6,1010,3080,True,False,0.000986,0.244898,0.345,Random
Random_1010_0.0029702970297029703_7,1010,3002,True,False,0.000521,0.224239,0.335,Random
Random_1010_0.0029702970297029703_8,1010,3128,True,False,0.000944,0.260223,0.345,Random
Random_1010_0.0029702970297029703_9,1010,3009,True,False,3.6e-05,0.230366,0.315,Random
Random_1010_0.0049504950495049506_0,1010,5074,True,False,0.00088,0.316384,0.395,Random
Random_1010_0.0049504950495049506_1,1010,4878,True,False,0.000978,0.352595,0.395,Random
Random_1010_0.0049504950495049506_2,1010,5124,True,False,0.000816,0.282828,0.365,Random
Random_1010_0.0049504950495049506_3,1010,5051,True,False,0.000485,0.336086,0.385,Random
Random_1010_0.0049504950495049506_4,1010,5006,True,False,0.00094,0.293399,0.375,Random
Random_1010_0.0049504950495049506_5,1010,5118,True,False,0.000533,0.249287,0.345,Random
Random_1010_0.0049504950495049506_6,1010,5101,True,False,0.000799,0.27833,0.355,Random
Random_1010_0.0049504950495049506_7,1010,5075,True,False,0.000877,0.303322,0.385,Random
Random_1010_0.0049504950495049506_8,1010,4979,True,False,0.000373,0.287343,0.375,Random
Random_1010_0.0049504950495049506_9,1010,5057,True,False,0.000527,0.32491,0.395,Random
Random_2010_0.0014925373134328358_0,2010,6093,True,False,3.7e-05,0.226415,0.325,Random
Random_2010_0.0014925373134328358_1,2010,5996,True,False,0.00074,0.224719,0.315,Random
Random_2010_0.0014925373134328358_2,2010,6036,True,False,0.000442,0.224719,0.325,Random
Random_2010_0.0014925373134328358_3,2010,6027,True,False,0.000153,0.202703,0.325,Random
Random_2010_0.0014925373134328358_4,2010,6075,True,False,0.000863,0.198675,0.285,Random
Random_2010_0.0014925373134328358_5,2010,6032,True,False,0.000389,0.24,0.345,Random
Random_2010_0.0014925373134328358_6,2010,6192,True,False,0.000144,0.205479,0.315,Random
Random_2010_0.0014925373134328358_7,2010,5906,True,False,0.000735,0.26087,0.315,Random
Random_2010_0.0014925373134328358_8,2010,5759,True,False,0.000932,0.24,0.345,Random
Random_2010_0.0014925373134328358_9,2010,5899,True,False,0.000669,0.225564,0.335,Random
Random_2010_0.0024875621890547263_0,2010,9963,True,False,0.000394,0.298791,0.365,Random
Random_2010_0.0024875621890547263_1,2010,10149,True,False,0.000238,0.324404,0.395,Random
Random_2010_0.0024875621890547263_2,2010,10018,True,False,0.000955,0.231533,0.325,Random
Random_2010_0.0024875621890547263_3,2010,10111,True,False,0.000265,0.321716,0.385,Random
Random_2010_0.0024875621890547263_4,2010,9945,True,False,6.7e-05,0.32924,0.395,Random
Random_2010_0.0024875621890547263_5,2010,10064,True,False,0.000199,0.32057,0.395,Random
Random_2010_0.0024875621890547263_6,2010,10107,True,False,0.000886,0.317061,0.365,Random
Random_2010_0.0024875621890547263_7,2010,10248,True,False,0.00069,0.285617,0.365,Random
Random_2010_0.0024875621890547263_8,2010,10041,True,False,0.000694,0.247788,0.335,Random
Random_2010_0.0024875621890547263_9,2010,9676,True,False,0.000774,0.307692,0.375,Random
Random_3010_0.0009966777408637873_0,3010,8866,True,False,0.000417,0.247934,0.345,Random
Random_3010_0.0009966777408637873_1,3010,9053,True,False,0.000519,0.174419,0.295,Random
Random_3010_0.0009966777408637873_2,3010,8906,True,False,0.000616,0.218182,0.315,Random
Random_3010_0.0009966777408637873_3,3010,9173,True,False,0.000725,0.218978,0.335,Random
Random_3010_0.0009966777408637873_4,3010,9060,True,False,0.000331,0.210526,0.325,Random
Random_3010_0.0009966777408637873_5,3010,8944,True,False,0.000947,0.218978,0.325,Random
Random_3010_0.0009966777408637873_6,3010,9031,True,False,0.000947,0.186335,0.285,Random
Random_3010_0.0009966777408637873_7,3010,8973,True,False,0.00032,0.193548,0.295,Random
Random_3010_0.0009966777408637873_8,3010,9115,True,False,0.000346,0.21072,0.315,Random
Random_3010_0.0009966777408637873_9,3010,8985,True,False,0.000725,0.235294,0.335,Random
Random_3010_0.0016611295681063123_0,3010,15161,True,False,0.0,0.27556,0.365,Random
Random_3010_0.0016611295681063123_1,3010,14968,True,False,0.000314,0.221558,0.335,Random
Random_3010_0.0016611295681063123_2,3010,15087,True,False,0.000891,0.296192,0.365,Random
Random_3010_0.0016611295681063123_3,3010,14902,True,False,0.000581,0.25,0.345,Random
Random_3010_0.0016611295681063123_4,3010,14969,True,False,6.1e-05,0.324199,0.385,Random
Random_3010_0.0016611295681063123_5,3010,15008,True,False,0.00079,0.291161,0.375,Random
Random_3010_0.0016611295681063123_6,3010,15339,True,False,3.4e-05,0.305711,0.375,Random
Random_3010_0.0016611295681063123_7,3010,15087,True,False,0.000537,0.284939,0.345,Random
Random_3010_0.0016611295681063123_8,3010,14984,True,False,0.000255,0.294737,0.375,Random
Random_3010_0.0016611295681063123_9,3010,14731,True,False,0.000802,0.294015,0.365,Random
Random_4010_0.0007481296758104738_0,4010,12064,True,False,0.000192,0.218182,0.335,Random
Random_4010_0.0007481296758104738_1,4010,12102,True,False,0.000711,0.227642,0.325,Random
Random_4010_0.0007481296758104738_2,4010,12065,True,False,0.00072,0.216606,0.315,Random
Random_4010_0.0007481296758104738_3,4010,12152,True,False,0.000588,0.193548,0.305,Random
Random_4010_0.0007481296758104738_4,4010,11936,True,False,5e-05,0.1875,0.285,Random
Random_4010_0.0007481296758104738_5,4010,11950,True,False,0.000848,0.211268,0.325,Random
Random_4010_0.0007481296758104738_6,4010,11810,True,False,0.000541,0.226843,0.325,Random
Random_4010_0.0007481296758104738_7,4010,11936,True,False,0.000413,0.206897,0.325,Random
Random_4010_0.0007481296758104738_8,4010,11965,True,False,0.000858,0.239453,0.325,Random
Random_4010_0.0007481296758104738_9,4010,12117,True,False,0.000696,0.178042,0.295,Random
Random_4010_0.0012468827930174563_0,4010,19934,True,False,0.000996,0.27394,0.345,Random
Random_4010_0.0012468827930174563_1,4010,20062,True,False,0.000909,0.226517,0.325,Random
Random_4010_0.0012468827930174563_2,4010,19961,True,False,0.000213,0.256881,0.345,Random
Random_4010_0.0012468827930174563_3,4010,20022,True,False,5.3e-05,0.29316,0.385,Random
Random_4010_0.0012468827930174563_4,4010,20080,True,False,0.000217,0.268972,0.355,Random
Random_4010_0.0012468827930174563_5,4010,19991,True,False,0.000144,0.282258,0.375,Random
Random_4010_0.0012468827930174563_6,4010,19974,True,False,0.000246,0.256254,0.345,Random
Random_4010_0.0012468827930174563_7,4010,19670,True,False,0.00062,0.243525,0.345,Random
Random_4010_0.0012468827930174563_8,4010,19981,True,False,0.000288,0.302521,0.375,Random
Random_4010_0.0012468827930174563_9,4010,20232,True,False,0.000989,0.29522,0.365,Random
Random_5010_0.0005988023952095808_0,5010,15034,True,False,0.000636,0.218978,0.325,Random
Random_5010_0.0005988023952095808_1,5010,15017,True,False,0.000923,0.176991,0.295,Random
Random_5010_0.0005988023952095808_2,5010,15084,True,False,7.7e-05,0.238095,0.345,Random
Random_5010_0.0005988023952095808_3,5010,14985,True,False,0.000439,0.216606,0.325,Random
Random_5010_0.0005988023952095808_4,5010,14820,True,False,0.000689,0.223404,0.305,Random
Random_5010_0.0005988023952095808_5,5010,14879,True,False,0.000389,0.216606,0.335,Random
Random_5010_0.0005988023952095808_6,5010,15172,True,False,0.000489,0.209059,0.315,Random
Random_5010_0.0005988023952095808_7,5010,15195,True,False,0.000817,0.2,0.295,Random
Random_5010_0.0005988023952095808_8,5010,15032,True,False,0.000447,0.217391,0.315,Random
Random_5010_0.0005988023952095808_9,5010,15075,True,False,0.00032,0.244898,0.325,Random
Random_5010_0.000998003992015968_0,5010,24939,True,False,0.000544,0.288958,0.375,Random
Random_5010_0.000998003992015968_1,5010,24869,True,False,5.9e-05,0.304569,0.375,Random
Random_5010_0.000998003992015968_2,5010,24795,True,False,0.000107,0.269663,0.365,Random
Random_5010_0.000998003992015968_3,5010,24991,True,False,0.000928,0.291633,0.375,Random
Random_5010_0.000998003992015968_4,5010,25213,True,False,0.000157,0.257353,0.345,Random
Random_5010_0.000998003992015968_5,5010,25187,True,False,0.000562,0.272202,0.365,Random
Random_5010_0.000998003992015968_6,5010,24939,True,False,0.000103,0.275772,0.355,Random
Random_5010_0.000998003992015968_7,5010,24878,True,False,0.000213,0.283019,0.375,Random
Random_5010_0.000998003992015968_8,5010,24960,True,False,0.000997,0.222046,0.325,Random
Random_5010_0.000998003992015968_9,5010,24843,True,False,0.000623,0.253519,0.345,Random
Random_6010_0.0004991680532445924_0,6010,18223,True,False,0.000352,0.216606,0.325,Random
Random_6010_0.0004991680532445924_1,6010,17855,True,False,0.000245,0.24,0.325,Random
Random_6010_0.0004991680532445924_2,6010,17771,True,False,0.000425,0.204082,0.305,Random
Random_6010_0.0004991680532445924_3,6010,18054,True,False,0.00054,0.209059,0.305,Random
Random_6010_0.0004991680532445924_4,6010,18433,True,False,9.6e-05,0.229008,0.305,Random
Random_6010_0.0004991680532445924_5,6010,18064,True,False,0.000601,0.214286,0.325,Random
Random_6010_0.0004991680532445924_6,6010,17975,True,False,0.000323,0.206897,0.295,Random
Random_6010_0.0004991680532445924_7,6010,18127,True,False,0.000158,0.159151,0.275,Random
Random_6010_0.0004991680532445924_8,6010,18036,True,False,0.000677,0.217391,0.315,Random
Random_6010_0.0004991680532445924_9,6010,18137,True,False,0.000531,0.209685,0.315,Random
Random_6010_0.0008319467554076539_0,6010,29957,True,False,0.000518,0.26087,0.355,Random
Random_6010_0.0008319467554076539_1,6010,30079,True,False,2.9e-05,0.251979,0.335,Random
Random_6010_0.0008319467554076539_2,6010,29850,True,False,0.000465,0.298684,0.345,Random
Random_6010_0.0008319467554076539_3,6010,30007,True,False,0.000933,0.272344,0.365,Random
Random_6010_0.0008319467554076539_4,6010,30331,True,False,0.000197,0.282163,0.375,Random
Random_6010_0.0008319467554076539_5,6010,29932,True,False,0.000358,0.283019,0.365,Random
Random_6010_0.0008319467554076539_6,6010,30079,True,False,0.000904,0.261682,0.345,Random
Random_6010_0.0008319467554076539_7,6010,30011,True,False,0.000852,0.292479,0.375,Random
Random_6010_0.0008319467554076539_8,6010,30135,True,False,0.000761,0.245998,0.335,Random
Random_6010_0.0008319467554076539_9,6010,29985,True,False,0.000444,0.224719,0.335,Random
Random_7010_0.00042796005706134097_0,7010,20980,True,False,0.000678,0.226415,0.335,Random
Random_7010_0.00042796005706134097_1,7010,21103,True,False,0.000586,0.230769,0.325,Random
Random_7010_0.00042796005706134097_2,7010,21056,True,False,0.00061,0.192308,0.305,Random
Random_7010_0.00042796005706134097_3,7010,21137,True,False,0.000119,0.216606,0.315,Random
Random_7010_0.00042796005706134097_4,7010,20965,True,False,0.000191,0.215385,0.325,Random
Random_7010_0.00042796005706134097_5,7010,21210,True,False,0.000407,0.216606,0.305,Random
Random_7010_0.00042796005706134097_6,7010,21246,True,False,0.000984,0.20202,0.295,Random
Random_7010_0.00042796005706134097_7,7010,21018,True,False,0.00044,0.171674,0.295,Random
Random_7010_0.00042796005706134097_8,7010,21039,True,False,0.000586,0.202997,0.305,Random
Random_7010_0.00042796005706134097_9,7010,21012,True,False,7.6e-05,0.198675,0.315,Random
Random_7010_0.0007132667617689016_0,7010,34801,True,False,0.00058,0.277289,0.345,Random
Random_7010_0.0007132667617689016_1,7010,34999,True,False,0.000452,0.262993,0.345,Random
Random_7010_0.0007132667617689016_2,7010,34771,True,False,0.000656,0.277622,0.375,Random
Random_7010_0.0007132667617689016_3,7010,35012,True,False,5e-06,0.261329,0.365,Random
Random_7010_0.0007132667617689016_4,7010,34865,True,False,0.000757,0.254545,0.345,Random
Random_7010_0.0007132667617689016_5,7010,34902,True,False,0.000448,0.267712,0.355,Random
Random_7010_0.0007132667617689016_6,7010,35094,True,False,0.000886,0.240525,0.335,Random
Random_7010_0.0007132667617689016_7,7010,34922,True,False,9.1e-05,0.251497,0.345,Random
Random_7010_0.0007132667617689016_8,7010,35012,True,False,3.3e-05,0.222772,0.325,Random
Random_7010_0.0007132667617689016_9,7010,34807,True,False,0.000302,0.268972,0.345,Random
Random_8010_0.0003745318352059925_0,8010,23852,True,False,0.000547,0.222222,0.315,Random
Random_8010_0.0003745318352059925_1,8010,24183,True,False,0.00058,0.20979,0.315,Random
Random_8010_0.0003745318352059925_2,8010,23820,True,False,0.000642,0.20979,0.315,Random
Random_8010_0.0003745318352059925_3,8010,23990,True,False,0.000107,0.2,0.305,Random
Random_8010_0.0003745318352059925_4,8010,24146,True,False,0.000405,0.19407,0.295,Random
Random_8010_0.0003745318352059925_5,8010,23671,True,False,3e-05,0.217335,0.315,Random
Random_8010_0.0003745318352059925_6,8010,24057,True,False,0.000365,0.225564,0.325,Random
Random_8010_0.0003745318352059925_7,8010,24269,True,False,0.000391,0.218182,0.315,Random
Random_8010_0.0003745318352059925_8,8010,24187,True,False,0.000784,0.17094,0.275,Random
Random_8010_0.0003745318352059925_9,8010,24108,True,False,0.000914,0.210105,0.325,Random
Random_8010_0.0006242197253433209_0,8010,40045,True,False,0.000159,0.249926,0.335,Random
Random_8010_0.0006242197253433209_1,8010,40348,True,False,0.000404,0.251572,0.355,Random
Random_8010_0.0006242197253433209_2,8010,40192,True,False,0.000475,0.288462,0.375,Random
Random_8010_0.0006242197253433209_3,8010,40446,True,False,0.000818,0.283469,0.365,Random
Random_8010_0.0006242197253433209_4,8010,39862,True,False,0.000136,0.29668,0.365,Random
Random_8010_0.0006242197253433209_5,8010,40270,True,False,5.3e-05,0.244824,0.335,Random
Random_8010_0.0006242197253433209_6,8010,39805,True,False,0.000175,0.306122,0.365,Random
Random_8010_0.0006242197253433209_7,8010,40088,True,False,0.000931,0.277653,0.355,Random
Random_8010_0.0006242197253433209_8,8010,39831,True,False,0.000912,0.2625,0.345,Random
Random_8010_0.0006242197253433209_9,8010,39583,True,False,9.6e-05,0.243761,0.345,Random
Random_9010_0.0003329633740288568_0,9010,27276,True,False,0.000132,0.221402,0.325,Random
Random_9010_0.0003329633740288568_1,9010,27370,True,False,0.000909,0.212766,0.315,Random
Random_9010_0.0003329633740288568_2,9010,26956,True,False,3.4e-05,0.193548,0.305,Random
Random_9010_0.0003329633740288568_3,9010,27074,True,False,0.000448,0.179104,0.295,Random
Random_9010_0.0003329633740288568_4,9010,26986,True,False,0.000582,0.214669,0.295,Random
Random_9010_0.0003329633740288568_5,9010,26988,True,False,0.000499,0.217729,0.295,Random
Random_9010_0.0003329633740288568_6,9010,26874,True,False,0.000575,0.144231,0.255,Random
Random_9010_0.0003329633740288568_7,9010,27046,True,False,0.000256,0.225928,0.315,Random
Random_9010_0.0003329633740288568_8,9010,27149,True,False,0.00082,0.23796,0.325,Random
Random_9010_0.0003329633740288568_9,9010,27176,True,False,0.000998,0.180723,0.305,Random
Random_9010_0.0005549389567147614_0,9010,45052,True,False,0.000745,0.246914,0.335,Random
Random_9010_0.0005549389567147614_1,9010,45075,True,False,0.00029,0.243973,0.345,Random
Random_9010_0.0005549389567147614_2,9010,45115,True,False,8e-05,0.242424,0.345,Random
Random_9010_0.0005549389567147614_3,9010,45341,True,False,0.000287,0.232085,0.335,Random
Random_9010_0.0005549389567147614_4,9010,45110,True,False,0.000686,0.279627,0.365,Random
Random_9010_0.0005549389567147614_5,9010,45454,True,False,9.5e-05,0.241796,0.355,Random
Random_9010_0.0005549389567147614_6,9010,44886,True,False,0.000206,0.270793,0.345,Random
Random_9010_0.0005549389567147614_7,9010,45458,True,False,0.000334,0.244898,0.345,Random
Random_9010_0.0005549389567147614_8,9010,45229,True,False,0.000424,0.245875,0.355,Random
Random_9010_0.0005549389567147614_9,9010,45473,True,False,0.00073,0.203916,0.295,Random
Random_10010_0.0002997002997002997_0,10010,29962,True,False,0.000886,0.216606,0.315,Random
Random_10010_0.0002997002997002997_1,10010,29992,True,False,0.000559,0.222222,0.315,Random
Random_10010_0.0002997002997002997_2,10010,30220,True,False,0.000172,0.218978,0.305,Random
Random_10010_0.0002997002997002997_3,10010,29565,True,False,0.000762,0.214286,0.305,Random
Random_10010_0.0002997002997002997_4,10010,30117,True,False,0.000779,0.206135,0.315,Random
Random_10010_0.0002997002997002997_5,10010,30161,True,False,0.000312,0.230769,0.315,Random
Random_10010_0.0002997002997002997_6,10010,29789,True,False,0.000547,0.198675,0.305,Random
Random_10010_0.0002997002997002997_7,10010,30031,True,False,6.9e-05,0.206897,0.305,Random
Random_10010_0.0002997002997002997_8,10010,29742,True,False,0.000686,0.196721,0.315,Random
Random_10010_0.0002997002997002997_9,10010,30073,True,False,0.000831,0.212389,0.315,Random
Random_10010_0.0004995004995004995_0,10010,50073,True,False,0.000349,0.269545,0.355,Random
Random_10010_0.0004995004995004995_1,10010,50586,True,False,0.0008,0.271845,0.345,Random
Random_10010_0.0004995004995004995_2,10010,49732,True,False,0.000791,0.262692,0.345,Random
Random_10010_0.0004995004995004995_3,10010,50100,True,False,0.000617,0.218125,0.325,Random
Random_10010_0.0004995004995004995_4,10010,50120,True,False,0.000522,0.25452,0.345,Random
Random_10010_0.0004995004995004995_5,10010,50356,True,False,0.000666,0.250273,0.345,Random
Random_10010_0.0004995004995004995_6,10010,50195,True,False,0.000133,0.249653,0.355,Random
Random_10010_0.0004995004995004995_7,10010,50309,True,False,0.000731,0.265487,0.355,Random
Random_10010_0.0004995004995004995_8,10010,49946,True,False,0.000922,0.24191,0.335,Random
Random_10010_0.0004995004995004995_9,10010,50062,True,False,0.000478,0.264234,0.345,Random
Random_11010_0.00027247956403269756_0,11010,32729,True,False,0.000465,0.210105,0.325,Random
Random_11010_0.00027247956403269756_1,11010,32626,True,False,0.000687,0.169492,0.295,Random
Random_11010_0.00027247956403269756_2,11010,33024,True,False,0.000886,0.163234,0.275,Random
Random_11010_0.00027247956403269756_3,11010,32770,True,False,0.000731,0.208955,0.325,Random
Random_11010_0.00027247956403269756_4,11010,32800,True,False,0.000635,0.20339,0.315,Random
Random_11010_0.00027247956403269756_5,11010,33040,True,False,0.000195,0.193548,0.305,Random
Random_11010_0.00027247956403269756_6,11010,32932,True,False,0.000546,0.171149,0.275,Random
Random_11010_0.00027247956403269756_7,11010,32637,True,False,0.000545,0.212766,0.305,Random
Random_11010_0.00027247956403269756_8,11010,32815,True,False,0.000171,0.20202,0.305,Random
Random_11010_0.00027247956403269756_9,11010,33123,True,False,0.000451,0.189274,0.295,Random
Random_11010_0.00045413260672116256_0,11010,55450,True,False,0.00027,0.261845,0.335,Random
Random_11010_0.00045413260672116256_1,11010,55101,True,False,0.000416,0.221753,0.325,Random
Random_11010_0.00045413260672116256_2,11010,54849,True,False,0.000922,0.251246,0.345,Random
Random_11010_0.00045413260672116256_3,11010,54849,True,False,0.000865,0.267772,0.365,Random
Random_11010_0.00045413260672116256_4,11010,54810,True,False,0.000819,0.217391,0.325,Random
Random_11010_0.00045413260672116256_5,11010,55201,True,False,0.000295,0.244328,0.345,Random
Random_11010_0.00045413260672116256_6,11010,55208,True,False,0.000679,0.278977,0.355,Random
Random_11010_0.00045413260672116256_7,11010,55486,True,False,0.000603,0.265907,0.345,Random
Random_11010_0.00045413260672116256_8,11010,55109,True,False,0.000244,0.246453,0.345,Random
Random_11010_0.00045413260672116256_9,11010,55303,True,False,3.5e-05,0.283242,0.365,Random
Random_12010_0.0002497918401332223_0,12010,36286,True,False,0.00013,0.233463,0.325,Random
Random_12010_0.0002497918401332223_1,12010,35820,True,False,0.000256,0.1875,0.305,Random
Random_12010_0.0002497918401332223_2,12010,36033,True,False,0.000169,0.227273,0.315,Random
Random_12010_0.0002497918401332223_3,12010,36074,True,False,0.000411,0.196078,0.295,Random
Random_12010_0.0002497918401332223_4,12010,36201,True,False,0.000451,0.198675,0.295,Random
Random_12010_0.0002497918401332223_5,12010,35922,True,False,0.000469,0.213849,0.315,Random
Random_12010_0.0002497918401332223_6,12010,35998,True,False,0.000784,0.20202,0.295,Random
Random_12010_0.0002497918401332223_7,12010,36118,True,False,0.000646,0.207852,0.315,Random
Random_12010_0.0002497918401332223_8,12010,36371,True,False,7.2e-05,0.20202,0.315,Random
Random_12010_0.0002497918401332223_9,12010,35951,True,False,0.000722,0.195122,0.305,Random
Random_12010_0.00041631973355537054_0,12010,59858,True,False,0.000908,0.278977,0.365,Random
Random_12010_0.00041631973355537054_1,12010,60560,True,False,0.000842,0.238976,0.335,Random
Random_12010_0.00041631973355537054_2,12010,60198,True,False,0.000134,0.238028,0.335,Random
Random_12010_0.00041631973355537054_3,12010,60469,True,False,0.000634,0.272751,0.365,Random
Random_12010_0.00041631973355537054_4,12010,60160,True,False,0.000873,0.277686,0.365,Random
Random_12010_0.00041631973355537054_5,12010,60175,True,False,0.000467,0.257327,0.345,Random
Random_12010_0.00041631973355537054_6,12010,59869,True,False,0.000696,0.263706,0.365,Random
Random_12010_0.00041631973355537054_7,12010,60259,True,False,0.000137,0.246212,0.335,Random
Random_12010_0.00041631973355537054_8,12010,60045,True,False,0.000173,0.22508,0.325,Random
Random_12010_0.00041631973355537054_9,12010,59725,True,False,0.000341,0.272639,0.365,Random
Random_13010_0.00023059185242121444_0,13010,39026,True,False,0.000796,0.214286,0.305,Random
Random_13010_0.00023059185242121444_1,13010,38830,True,False,0.000221,0.183406,0.305,Random
Random_13010_0.00023059185242121444_2,13010,39010,True,False,0.000544,0.206897,0.315,Random
Random_13010_0.00023059185242121444_3,13010,39130,True,False,0.000788,0.198675,0.305,Random
Random_13010_0.00023059185242121444_4,13010,39088,True,False,0.000668,0.20979,0.295,Random
Random_13010_0.00023059185242121444_5,13010,39033,True,False,0.000427,0.218182,0.315,Random
Random_13010_0.00023059185242121444_6,13010,39272,True,False,0.000899,0.209059,0.305,Random
Random_13010_0.00023059185242121444_7,13010,39359,True,False,0.000954,0.20202,0.315,Random
Random_13010_0.00023059185242121444_8,13010,39292,True,False,4.8e-05,0.146699,0.265,Random
Random_13010_0.00023059185242121444_9,13010,38866,True,False,0.000559,0.179104,0.285,Random
Random_13010_0.0003843197540353574_0,13010,64459,True,False,0.00033,0.270183,0.355,Random
Random_13010_0.0003843197540353574_1,13010,64812,True,False,0.000917,0.251271,0.335,Random
Random_13010_0.0003843197540353574_2,13010,64943,True,False,0.000922,0.243667,0.345,Random
Random_13010_0.0003843197540353574_3,13010,65486,True,False,0.000962,0.231362,0.325,Random
Random_13010_0.0003843197540353574_4,13010,64947,True,False,0.000764,0.243455,0.355,Random
Random_13010_0.0003843197540353574_5,13010,65487,True,False,0.00038,0.258621,0.345,Random
Random_13010_0.0003843197540353574_6,13010,65279,True,False,0.000447,0.249527,0.335,Random
Random_13010_0.0003843197540353574_7,13010,65337,True,False,0.00017,0.249307,0.335,Random
Random_13010_0.0003843197540353574_8,13010,65188,True,False,0.000747,0.246262,0.355,Random
Random_13010_0.0003843197540353574_9,13010,64441,True,False,6.9e-05,0.255708,0.355,Random
Random_14010_0.00021413276231263382_0,14010,42014,True,False,0.000328,0.176991,0.295,Random
Random_14010_0.00021413276231263382_1,14010,42299,True,False,5.7e-05,0.18543,0.295,Random
Random_14010_0.00021413276231263382_2,14010,42093,True,False,0.000352,0.193548,0.315,Random
Random_14010_0.00021413276231263382_3,14010,41797,True,False,0.000533,0.194175,0.295,Random
Random_14010_0.00021413276231263382_4,14010,42370,True,False,0.000807,0.193548,0.295,Random
Random_14010_0.00021413276231263382_5,14010,41619,True,False,0.000679,0.219723,0.315,Random
Random_14010_0.00021413276231263382_6,14010,41964,True,False,0.000374,0.210526,0.315,Random
Random_14010_0.00021413276231263382_7,14010,42080,True,False,0.000598,0.220588,0.315,Random
Random_14010_0.00021413276231263382_8,14010,42342,True,False,0.000366,0.204728,0.295,Random
Random_14010_0.00021413276231263382_9,14010,41862,True,False,0.000714,0.218978,0.305,Random
Random_14010_0.00035688793718772306_0,14010,70302,True,False,0.000152,0.269663,0.365,Random
Random_14010_0.00035688793718772306_1,14010,69807,True,False,0.000483,0.244731,0.345,Random
Random_14010_0.00035688793718772306_2,14010,69917,True,False,0.000429,0.261248,0.345,Random
Random_14010_0.00035688793718772306_3,14010,70242,True,False,0.000284,0.257642,0.355,Random
Random_14010_0.00035688793718772306_4,14010,69975,True,False,0.000956,0.228883,0.335,Random
Random_14010_0.00035688793718772306_5,14010,69733,True,False,0.000248,0.266075,0.355,Random
Random_14010_0.00035688793718772306_6,14010,69944,True,False,0.000571,0.238976,0.335,Random
Random_14010_0.00035688793718772306_7,14010,69977,True,False,8.6e-05,0.258541,0.345,Random
Random_14010_0.00035688793718772306_8,14010,70183,True,False,0.000751,0.233918,0.335,Random
Random_14010_0.00035688793718772306_9,14010,69932,True,False,0.000495,0.261275,0.345,Random
Random_15010_0.00019986675549633578_0,15010,45068,True,False,0.000448,0.217729,0.305,Random
Random_15010_0.00019986675549633578_1,15010,45269,True,False,0.000294,0.184291,0.295,Random
Random_15010_0.00019986675549633578_2,15010,45006,True,False,0.000885,0.216161,0.315,Random
Random_15010_0.00019986675549633578_3,15010,45173,True,False,0.000125,0.178799,0.285,Random
Random_15010_0.00019986675549633578_4,15010,44922,True,False,0.000373,0.177215,0.305,Random
Random_15010_0.00019986675549633578_5,15010,44819,True,False,0.000139,0.215054,0.315,Random
Random_15010_0.00019986675549633578_6,15010,45373,True,False,0.000823,0.207254,0.305,Random
Random_15010_0.00019986675549633578_7,15010,45285,True,False,0.000956,0.217335,0.315,Random
Random_15010_0.00019986675549633578_8,15010,44804,True,False,0.000274,0.191286,0.305,Random
Random_15010_0.00019986675549633578_9,15010,45063,True,False,2.9e-05,0.226415,0.315,Random
Random_15010_0.00033311125916055963_0,15010,75230,True,False,0.00027,0.254498,0.345,Random
Random_15010_0.00033311125916055963_1,15010,75178,True,False,0.000959,0.253088,0.345,Random
Random_15010_0.00033311125916055963_2,15010,74732,True,False,0.000227,0.240964,0.325,Random
Random_15010_0.00033311125916055963_3,15010,74863,True,False,0.000791,0.265659,0.355,Random
Random_15010_0.00033311125916055963_4,15010,75457,True,False,0.000728,0.255682,0.335,Random
Random_15010_0.00033311125916055963_5,15010,74770,True,False,0.000778,0.207921,0.305,Random
Random_15010_0.00033311125916055963_6,15010,75048,True,False,1.2e-05,0.26111,0.355,Random
Random_15010_0.00033311125916055963_7,15010,75320,True,False,0.000794,0.27941,0.365,Random
Random_15010_0.00033311125916055963_8,15010,74731,True,False,0.000344,0.2625,0.345,Random
Random_15010_0.00033311125916055963_9,15010,75437,True,False,4.3e-05,0.263158,0.355,Random
Random_16010_0.00018738288569643974_0,16010,48429,True,False,5.3e-05,0.190476,0.275,Random
Random_16010_0.00018738288569643974_1,16010,47756,True,False,0.000307,0.210526,0.305,Random
Random_16010_0.00018738288569643974_2,16010,47975,True,False,0.000141,0.205479,0.305,Random
Random_16010_0.00018738288569643974_3,16010,47996,True,False,0.000977,0.176471,0.305,Random
Random_16010_0.00018738288569643974_4,16010,47972,True,False,0.000555,0.186916,0.295,Random
Random_16010_0.00018738288569643974_5,16010,47991,True,False,6.3e-05,0.193548,0.295,Random
Random_16010_0.00018738288569643974_6,16010,47677,True,False,0.000222,0.173913,0.275,Random
Random_16010_0.00018738288569643974_7,16010,47829,True,False,0.00039,0.204082,0.315,Random
Random_16010_0.00018738288569643974_8,16010,47865,True,False,0.000197,0.213849,0.315,Random
Random_16010_0.00018738288569643974_9,16010,48102,True,False,0.00028,0.222635,0.305,Random
Random_16010_0.0003123048094940662_0,16010,80324,True,False,0.000206,0.239772,0.345,Random
Random_16010_0.0003123048094940662_1,16010,80129,True,False,0.000502,0.21237,0.305,Random
Random_16010_0.0003123048094940662_2,16010,79761,True,False,0.000163,0.253165,0.345,Random
Random_16010_0.0003123048094940662_3,16010,79896,True,False,0.000499,0.237422,0.325,Random
Random_16010_0.0003123048094940662_4,16010,79848,True,False,0.000615,0.281501,0.355,Random
Random_16010_0.0003123048094940662_5,16010,79794,True,False,0.000611,0.262391,0.335,Random
Random_16010_0.0003123048094940662_6,16010,79773,True,False,0.000857,0.261438,0.345,Random
Random_16010_0.0003123048094940662_7,16010,80017,True,False,0.000531,0.255319,0.345,Random
Random_16010_0.0003123048094940662_8,16010,79719,True,False,0.00047,0.244731,0.345,Random
Random_16010_0.0003123048094940662_9,16010,80194,True,False,0.000625,0.226293,0.315,Random
Random_17010_0.0001763668430335097_0,17010,51303,True,False,0.000165,0.210526,0.315,Random
Random_17010_0.0001763668430335097_1,17010,51187,True,False,0.000846,0.205832,0.315,Random
Random_17010_0.0001763668430335097_2,17010,50976,True,False,0.0002,0.19476,0.285,Random
Random_17010_0.0001763668430335097_3,17010,51341,True,False,0.000684,0.169697,0.285,Random
Random_17010_0.0001763668430335097_4,17010,50767,True,False,0.000426,0.2,0.305,Random
Random_17010_0.0001763668430335097_5,17010,50953,True,False,0.000914,0.179872,0.295,Random
Random_17010_0.0001763668430335097_6,17010,50882,True,False,0.00061,0.211587,0.315,Random
Random_17010_0.0001763668430335097_7,17010,51020,True,False,0.000965,0.202997,0.315,Random
Random_17010_0.0001763668430335097_8,17010,51105,True,False,0.000968,0.191344,0.305,Random
Random_17010_0.0001763668430335097_9,17010,51509,True,False,0.000438,0.178042,0.305,Random
Random_17010_0.00029394473838918284_0,17010,84742,True,False,0.000338,0.244946,0.335,Random
Random_17010_0.00029394473838918284_1,17010,84722,True,False,0.00018,0.228509,0.335,Random
Random_17010_0.00029394473838918284_2,17010,85081,True,False,0.000812,0.226354,0.335,Random
Random_17010_0.00029394473838918284_3,17010,84699,True,False,9.4e-05,0.268285,0.345,Random
Random_17010_0.00029394473838918284_4,17010,85173,True,False,0.000796,0.271903,0.355,Random
Random_17010_0.00029394473838918284_5,17010,85077,True,False,4.4e-05,0.228075,0.325,Random
Random_17010_0.00029394473838918284_6,17010,85548,True,False,0.000322,0.247323,0.345,Random
Random_17010_0.00029394473838918284_7,17010,84759,True,False,0.000894,0.282353,0.365,Random
Random_17010_0.00029394473838918284_8,17010,84797,True,False,8e-05,0.230875,0.345,Random
Random_17010_0.00029394473838918284_9,17010,84974,True,False,0.000805,0.178571,0.295,Random
Random_18010_0.0001665741254858412_0,18010,54328,True,False,0.000576,0.184615,0.285,Random
Random_18010_0.0001665741254858412_1,18010,54078,True,False,0.000437,0.190476,0.295,Random
Random_18010_0.0001665741254858412_2,18010,54334,True,False,0.000552,0.16477,0.265,Random
Random_18010_0.0001665741254858412_3,18010,54119,True,False,0.000419,0.190476,0.285,Random
Random_18010_0.0001665741254858412_4,18010,54155,True,False,0.000143,0.227642,0.305,Random
Random_18010_0.0001665741254858412_5,18010,54544,True,False,0.000134,0.182371,0.275,Random
Random_18010_0.0001665741254858412_6,18010,54372,True,False,0.000369,0.180723,0.285,Random
Random_18010_0.0001665741254858412_7,18010,54158,True,False,0.000903,0.198675,0.295,Random
Random_18010_0.0001665741254858412_8,18010,53572,True,False,0.000743,0.20339,0.315,Random
Random_18010_0.0001665741254858412_9,18010,54331,True,False,0.000173,0.198675,0.315,Random
Random_18010_0.000277623542476402_0,18010,90511,True,False,0.000244,0.269576,0.355,Random
Random_18010_0.000277623542476402_1,18010,90240,True,False,0.000855,0.248963,0.345,Random
Random_18010_0.000277623542476402_2,18010,90115,True,False,0.00053,0.267857,0.355,Random
Random_18010_0.000277623542476402_3,18010,90455,True,False,0.000104,0.243337,0.335,Random
Random_18010_0.000277623542476402_4,18010,89747,True,False,0.0002,0.233788,0.325,Random
Random_18010_0.000277623542476402_5,18010,90052,True,False,0.000168,0.272607,0.355,Random
Random_18010_0.000277623542476402_6,18010,90242,True,False,0.000438,0.270936,0.345,Random
Random_18010_0.000277623542476402_7,18010,89894,True,False,0.000476,0.264901,0.345,Random
Random_18010_0.000277623542476402_8,18010,90387,True,False,0.000195,0.241537,0.335,Random
Random_18010_0.000277623542476402_9,18010,90024,True,False,0.000868,0.25958,0.355,Random
Random_19010_0.00015781167806417674_0,19010,57050,True,False,0.000189,0.181818,0.295,Random
Random_19010_0.00015781167806417674_1,19010,56682,True,False,0.00065,0.191083,0.305,Random
Random_19010_0.00015781167806417674_2,19010,57010,True,False,0.000976,0.188088,0.305,Random
Random_19010_0.00015781167806417674_3,19010,57150,True,False,0.000809,0.211587,0.315,Random
Random_19010_0.00015781167806417674_4,19010,56776,True,False,0.00043,0.193548,0.305,Random
Random_19010_0.00015781167806417674_5,19010,57007,True,False,0.000857,0.213469,0.305,Random
Random_19010_0.00015781167806417674_6,19010,56742,True,False,0.000141,0.209059,0.315,Random
Random_19010_0.00015781167806417674_7,19010,57046,True,False,8.7e-05,0.209302,0.315,Random
Random_19010_0.00015781167806417674_8,19010,57349,True,False,0.000777,0.15891,0.275,Random
Random_19010_0.00015781167806417674_9,19010,56685,True,False,0.000387,0.178042,0.285,Random
Random_19010_0.0002630194634402946_0,19010,94648,True,False,0.000403,0.245017,0.335,Random
Random_19010_0.0002630194634402946_1,19010,95332,True,False,0.000717,0.260086,0.345,Random
Random_19010_0.0002630194634402946_2,19010,94812,True,False,0.000862,0.243153,0.335,Random
Random_19010_0.0002630194634402946_3,19010,95012,True,False,0.000873,0.251046,0.345,Random
Random_19010_0.0002630194634402946_4,19010,95107,True,False,0.000122,0.275772,0.355,Random
Random_19010_0.0002630194634402946_5,19010,94939,True,False,0.00097,0.249332,0.335,Random
Random_19010_0.0002630194634402946_6,19010,94830,True,False,0.000206,0.263158,0.345,Random
Random_19010_0.0002630194634402946_7,19010,95019,True,False,0.000442,0.270299,0.365,Random
Random_19010_0.0002630194634402946_8,19010,95077,True,False,0.000737,0.25416,0.355,Random
Random_19010_0.0002630194634402946_9,19010,95200,True,False,0.000718,0.253547,0.345,Random
ScaleFree_10_0.3_0,1000,2051,True,False,0.000541,0.00517,0.055,ScaleFree
ScaleFree_10_0.3_1,1000,2111,True,False,0.000704,0.005339,0.055,ScaleFree
ScaleFree_10_0.3_2,1000,2051,True,False,0.000288,0.004671,0.045,ScaleFree
ScaleFree_10_0.3_3,1000,1831,True,False,2.1e-05,0.002928,0.035,ScaleFree
ScaleFree_10_0.3_4,1000,2117,True,False,0.00052,0.006523,0.055,ScaleFree
ScaleFree_10_0.3_5,1000,1797,True,False,7.3e-05,0.004364,0.045,ScaleFree
ScaleFree_10_0.3_6,1000,2071,True,False,0.000142,0.004113,0.045,ScaleFree
ScaleFree_10_0.3_7,1000,1998,True,False,0.000491,0.00373,0.045,ScaleFree
ScaleFree_10_0.3_8,1000,2022,True,False,0.000159,0.004308,0.045,ScaleFree
ScaleFree_10_0.3_9,1000,2013,True,False,1.8e-05,0.003815,0.045,ScaleFree
ScaleFree_10_0.5_0,1000,1621,True,False,6.5e-05,0.003757,0.045,ScaleFree
ScaleFree_10_0.5_1,1000,1653,True,False,0.000513,0.003985,0.045,ScaleFree
ScaleFree_10_0.5_2,1000,1558,True,False,0.000228,0.004361,0.045,ScaleFree
ScaleFree_10_0.5_3,1000,1669,True,False,0.000584,0.003478,0.045,ScaleFree
ScaleFree_10_0.5_4,1000,1495,True,False,6.9e-05,0.002398,0.035,ScaleFree
ScaleFree_10_0.5_5,1000,1634,True,False,0.000111,0.004553,0.045,ScaleFree
ScaleFree_10_0.5_6,1000,1659,True,False,0.000179,0.004962,0.045,ScaleFree
ScaleFree_10_0.5_7,1000,1629,True,False,0.000365,0.005298,0.055,ScaleFree
ScaleFree_10_0.5_8,1000,1606,True,False,7.8e-05,0.002963,0.035,ScaleFree
ScaleFree_10_0.5_9,1000,1635,True,False,0.000291,0.004948,0.045,ScaleFree
ScaleFree_1010_0.3_0,1000,2021,True,False,1.8e-05,0.003852,0.045,ScaleFree
ScaleFree_1010_0.3_1,1000,1973,True,False,0.000105,0.003973,0.045,ScaleFree
ScaleFree_1010_0.3_2,1000,2035,True,False,0.000491,0.003556,0.045,ScaleFree
ScaleFree_1010_0.3_3,1000,1932,True,False,9e-06,0.003452,0.045,ScaleFree
ScaleFree_1010_0.3_4,1000,1956,True,False,1.5e-05,0.003118,0.035,ScaleFree
ScaleFree_1010_0.3_5,1000,2177,True,False,1.5e-05,0.005334,0.055,ScaleFree
ScaleFree_1010_0.3_6,1000,1928,True,False,0.000124,0.004334,0.045,ScaleFree
ScaleFree_1010_0.3_7,1000,2104,True,False,2e-06,0.004622,0.045,ScaleFree
ScaleFree_1010_0.3_8,1000,2123,True,False,0.000123,0.009275,0.065,ScaleFree
ScaleFree_1010_0.3_9,1000,1988,True,False,0.000311,0.00279,0.035,ScaleFree
ScaleFree_1010_0.5_0,1000,1621,True,False,2.5e-05,0.003673,0.045,ScaleFree
ScaleFree_1010_0.5_1,1000,1637,True,False,3.1e-05,0.004802,0.045,ScaleFree
ScaleFree_1010_0.5_2,1000,1593,True,False,0.000107,0.004128,0.045,ScaleFree
ScaleFree_1010_0.5_3,1000,1729,True,False,6.1e-05,0.00598,0.055,ScaleFree
ScaleFree_1010_0.5_4,1000,1659,True,False,0.000198,0.006494,0.055,ScaleFree
ScaleFree_1010_0.5_5,1000,1655,True,False,0.000111,0.003829,0.045,ScaleFree
ScaleFree_1010_0.5_6,1000,1571,True,False,0.000134,0.002793,0.035,ScaleFree
ScaleFree_1010_0.5_7,1000,1623,True,False,0.000133,0.004185,0.045,ScaleFree
ScaleFree_1010_0.5_8,1000,1698,True,False,0.000372,0.004079,0.045,ScaleFree
ScaleFree_1010_0.5_9,1000,1496,True,False,0.000194,0.002397,0.035,ScaleFree
ScaleFree_2010_0.3_0,1000,2202,True,False,0.000213,0.006944,0.055,ScaleFree
ScaleFree_2010_0.3_1,1000,2005,True,False,6.5e-05,0.0041,0.045,ScaleFree
ScaleFree_2010_0.3_2,1000,2078,True,False,0.000148,0.003907,0.045,ScaleFree
ScaleFree_2010_0.3_3,1000,1938,True,False,0.000129,0.004137,0.045,ScaleFree
ScaleFree_2010_0.3_4,1000,2072,True,False,4e-06,0.003603,0.045,ScaleFree
ScaleFree_2010_0.3_5,1000,2044,True,False,5e-06,0.003433,0.045,ScaleFree
ScaleFree_2010_0.3_6,1000,1997,True,False,0.000338,0.003655,0.045,ScaleFree
ScaleFree_2010_0.3_7,1000,2155,True,False,0.000152,0.004516,0.045,ScaleFree
ScaleFree_2010_0.3_8,1000,2007,True,False,2.6e-05,0.004575,0.045,ScaleFree
ScaleFree_2010_0.3_9,1000,2011,True,False,3.2e-05,0.004047,0.045,ScaleFree
ScaleFree_2010_0.5_0,1000,1550,True,False,0.00019,0.002766,0.035,ScaleFree
ScaleFree_2010_0.5_1,1000,1679,True,False,8.5e-05,0.005372,0.055,ScaleFree
ScaleFree_2010_0.5_2,1000,1618,True,False,0.000752,0.003144,0.035,ScaleFree
ScaleFree_2010_0.5_3,1000,1662,True,False,4e-05,0.006429,0.055,ScaleFree
ScaleFree_2010_0.5_4,1000,1677,True,False,2.3e-05,0.005112,0.055,ScaleFree
ScaleFree_2010_0.5_5,1000,1690,True,False,8.6e-05,0.006203,0.055,ScaleFree
ScaleFree_2010_0.5_6,1000,1685,True,False,0.000103,0.004854,0.045,ScaleFree
ScaleFree_2010_0.5_7,1000,1706,True,False,0.000476,0.004824,0.045,ScaleFree
ScaleFree_2010_0.5_8,1000,1552,True,False,0.00017,0.003346,0.045,ScaleFree
ScaleFree_2010_0.5_9,1000,1577,True,False,6.3e-05,0.002846,0.035,ScaleFree
ScaleFree_3010_0.3_0,1000,2033,True,False,6.2e-05,0.00381,0.045,ScaleFree
ScaleFree_3010_0.3_1,1000,1755,True,False,0.000307,0.002541,0.035,ScaleFree
ScaleFree_3010_0.3_2,1000,2057,True,False,0.000239,0.004913,0.045,ScaleFree
ScaleFree_3010_0.3_3,1000,2089,True,False,7.6e-05,0.004247,0.045,ScaleFree
ScaleFree_3010_0.3_4,1000,1966,True,False,1.9e-05,0.003895,0.045,ScaleFree
ScaleFree_3010_0.3_5,1000,1948,True,False,0.000172,0.003386,0.045,ScaleFree
ScaleFree_3010_0.3_6,1000,2124,True,False,3.9e-05,0.006434,0.055,ScaleFree
ScaleFree_3010_0.3_7,1000,2042,True,False,0.000157,0.005779,0.055,ScaleFree
ScaleFree_3010_0.3_8,1000,2018,True,False,0.000179,0.003343,0.045,ScaleFree
ScaleFree_3010_0.3_9,1000,2108,True,False,0.000144,0.005201,0.055,ScaleFree
ScaleFree_3010_0.5_0,1000,1641,True,False,0.000195,0.006823,0.055,ScaleFree
ScaleFree_3010_0.5_1,1000,1653,True,False,0.000194,0.004376,0.045,ScaleFree
ScaleFree_3010_0.5_2,1000,1627,True,False,0.000207,0.004854,0.045,ScaleFree
ScaleFree_3010_0.5_3,1000,1613,True,False,0.000353,0.0055,0.055,ScaleFree
ScaleFree_3010_0.5_4,1000,1577,True,False,0.000498,0.00333,0.045,ScaleFree
ScaleFree_3010_0.5_5,1000,1579,True,False,4.9e-05,0.003686,0.045,ScaleFree
ScaleFree_3010_0.5_6,1000,1733,True,False,0.000279,0.006648,0.055,ScaleFree
ScaleFree_3010_0.5_7,1000,1682,True,False,0.000173,0.003583,0.045,ScaleFree
ScaleFree_3010_0.5_8,1000,1756,True,False,0.000234,0.004617,0.045,ScaleFree
ScaleFree_3010_0.5_9,1000,1655,True,False,8.4e-05,0.004366,0.045,ScaleFree
ScaleFree_4010_0.3_0,1000,2079,True,False,0.000352,0.003822,0.045,ScaleFree
ScaleFree_4010_0.3_1,1000,1929,True,False,6.1e-05,0.004342,0.045,ScaleFree
ScaleFree_4010_0.3_2,1000,1959,True,False,0.000188,0.003304,0.045,ScaleFree
ScaleFree_4010_0.3_3,1000,2130,True,False,0.000123,0.007353,0.065,ScaleFree
ScaleFree_4010_0.3_4,1000,1598,True,False,6.4e-05,0.002259,0.035,ScaleFree
ScaleFree_4010_0.3_5,1000,2031,True,False,0.000197,0.004144,0.045,ScaleFree
ScaleFree_4010_0.3_6,1000,1800,True,False,9.3e-05,0.002328,0.035,ScaleFree
ScaleFree_4010_0.3_7,1000,2053,True,False,2.2e-05,0.005665,0.055,ScaleFree
ScaleFree_4010_0.3_8,1000,1922,True,False,2.7e-05,0.003016,0.035,ScaleFree
ScaleFree_4010_0.3_9,1000,2093,True,False,0.000255,0.003691,0.045,ScaleFree
ScaleFree_4010_0.5_0,1000,1650,True,False,2e-06,0.004504,0.045,ScaleFree
ScaleFree_4010_0.5_1,1000,1611,True,False,6.4e-05,0.003873,0.045,ScaleFree
ScaleFree_4010_0.5_2,1000,1633,True,False,0.00013,0.004086,0.045,ScaleFree
ScaleFree_4010_0.5_3,1000,1703,True,False,0.000125,0.00841,0.065,ScaleFree
ScaleFree_4010_0.5_4,1000,1622,True,False,1.7e-05,0.002858,0.035,ScaleFree
ScaleFree_4010_0.5_5,1000,1648,True,False,0.00015,0.004612,0.045,ScaleFree
ScaleFree_4010_0.5_6,1000,1696,True,False,0.000236,0.003683,0.045,ScaleFree
ScaleFree_4010_0.5_7,1000,1548,True,False,2e-06,0.003954,0.045,ScaleFree
ScaleFree_4010_0.5_8,1000,1725,True,False,5.3e-05,0.004997,0.045,ScaleFree
ScaleFree_4010_0.5_9,1000,1669,True,False,1e-06,0.004637,0.045,ScaleFree
ScaleFree_5010_0.3_0,1000,1868,True,False,0.000156,0.003644,0.045,ScaleFree
ScaleFree_5010_0.3_1,1000,2126,True,False,0.000159,0.00577,0.055,ScaleFree
ScaleFree_5010_0.3_2,1000,1867,True,False,0.000661,0.002679,0.035,ScaleFree
ScaleFree_5010_0.3_3,1000,1907,True,False,8.2e-05,0.002732,0.035,ScaleFree
ScaleFree_5010_0.3_4,1000,1999,True,False,5.1e-05,0.006176,0.055,ScaleFree
ScaleFree_5010_0.3_5,1000,2005,True,False,0.000163,0.00419,0.045,ScaleFree
ScaleFree_5010_0.3_6,1000,2079,True,False,9.1e-05,0.004784,0.045,ScaleFree
ScaleFree_5010_0.3_7,1000,2091,True,False,0.000185,0.003757,0.045,ScaleFree
ScaleFree_5010_0.3_8,1000,1951,True,False,0.000189,0.002858,0.035,ScaleFree
ScaleFree_5010_0.3_9,1000,1938,True,False,2.3e-05,0.003431,0.045,ScaleFree
ScaleFree_5010_0.5_0,1000,1627,True,False,1.5e-05,0.004183,0.045,ScaleFree
ScaleFree_5010_0.5_1,1000,1628,True,False,0.000383,0.003539,0.045,ScaleFree
ScaleFree_5010_0.5_2,1000,1656,True,False,4e-06,0.003257,0.045,ScaleFree
ScaleFree_5010_0.5_3,1000,1601,True,False,7.9e-05,0.005786,0.055,ScaleFree
ScaleFree_5010_0.5_4,1000,1605,True,False,3.4e-05,0.003078,0.035,ScaleFree
ScaleFree_5010_0.5_5,1000,1634,True,False,7.5e-05,0.003947,0.045,ScaleFree
ScaleFree_5010_0.5_6,1000,1630,True,False,0.000445,0.002999,0.035,ScaleFree
ScaleFree_5010_0.5_7,1000,1646,True,False,9.6e-05,0.004853,0.045,ScaleFree
ScaleFree_5010_0.5_8,1000,1653,True,False,0.000293,0.003739,0.045,ScaleFree
ScaleFree_5010_0.5_9,1000,1633,True,False,7.6e-05,0.004957,0.045,ScaleFree
ScaleFree_6010_0.3_0,1000,1886,True,False,0.000109,0.003409,0.045,ScaleFree
ScaleFree_6010_0.3_1,1000,2070,True,False,0.000135,0.006461,0.055,ScaleFree
ScaleFree_6010_0.3_2,1000,2044,True,False,0.000248,0.004819,0.045,ScaleFree
ScaleFree_6010_0.3_3,1000,1966,True,False,0.000104,0.003166,0.035,ScaleFree
ScaleFree_6010_0.3_4,1000,1864,True,False,1.2e-05,0.002785,0.035,ScaleFree
ScaleFree_6010_0.3_5,1000,2016,True,False,0.000143,0.003792,0.045,ScaleFree
ScaleFree_6010_0.3_6,1000,1878,True,False,3e-06,0.002639,0.035,ScaleFree
ScaleFree_6010_0.3_7,1000,2164,True,False,6.4e-05,0.006528,0.055,ScaleFree
ScaleFree_6010_0.3_8,1000,1923,True,False,1.8e-05,0.004694,0.045,ScaleFree
ScaleFree_6010_0.3_9,1000,1971,True,False,0.000246,0.00292,0.035,ScaleFree
ScaleFree_6010_0.5_0,1000,1650,True,False,1.5e-05,0.006202,0.055,ScaleFree
ScaleFree_6010_0.5_1,1000,1546,True,False,1.3e-05,0.002301,0.035,ScaleFree
ScaleFree_6010_0.5_2,1000,1536,True,False,4.1e-05,0.002801,0.035,ScaleFree
ScaleFree_6010_0.5_3,1000,1679,True,False,2.6e-05,0.003565,0.045,ScaleFree
ScaleFree_6010_0.5_4,1000,1673,True,False,0.000537,0.003866,0.045,ScaleFree
ScaleFree_6010_0.5_5,1000,1579,True,False,0.000115,0.003909,0.045,ScaleFree
ScaleFree_6010_0.5_6,1000,1635,True,False,0.000714,0.003491,0.045,ScaleFree
ScaleFree_6010_0.5_7,1000,1593,True,False,0.000111,0.003467,0.045,ScaleFree
ScaleFree_6010_0.5_8,1000,1625,True,False,0.000302,0.005018,0.055,ScaleFree
ScaleFree_6010_0.5_9,1000,1663,True,False,8e-06,0.003922,0.045,ScaleFree
ScaleFree_7010_0.3_0,1000,1957,True,False,0.000145,0.005722,0.055,ScaleFree
ScaleFree_7010_0.3_1,1000,2085,True,False,0.000345,0.004142,0.045,ScaleFree
ScaleFree_7010_0.3_2,1000,2055,True,False,0.000302,0.004292,0.045,ScaleFree
ScaleFree_7010_0.3_3,1000,1774,True,False,3.7e-05,0.002776,0.035,ScaleFree
ScaleFree_7010_0.3_4,1000,2009,True,False,0.000231,0.003305,0.045,ScaleFree
ScaleFree_7010_0.3_5,1000,1896,True,False,1.2e-05,0.002814,0.035,ScaleFree
ScaleFree_7010_0.3_6,1000,2163,True,False,4.9e-05,0.006101,0.055,ScaleFree
ScaleFree_7010_0.3_7,1000,1929,True,False,0.000116,0.002677,0.035,ScaleFree
ScaleFree_7010_0.3_8,1000,2086,True,False,3.4e-05,0.005254,0.055,ScaleFree
ScaleFree_7010_0.3_9,1000,2011,True,False,0.000164,0.003352,0.045,ScaleFree
ScaleFree_7010_0.5_0,1000,1726,True,False,6.4e-05,0.006592,0.055,ScaleFree
ScaleFree_7010_0.5_1,1000,1558,True,False,9.4e-05,0.003218,0.045,ScaleFree
ScaleFree_7010_0.5_2,1000,1604,True,False,0.00031,0.004001,0.045,ScaleFree
ScaleFree_7010_0.5_3,1000,1622,True,False,8.3e-05,0.003878,0.045,ScaleFree
ScaleFree_7010_0.5_4,1000,1649,True,False,0.000167,0.003228,0.045,ScaleFree
ScaleFree_7010_0.5_5,1000,1730,True,False,7.8e-05,0.004986,0.055,ScaleFree
ScaleFree_7010_0.5_6,1000,1685,True,False,7.3e-05,0.006853,0.055,ScaleFree
ScaleFree_7010_0.5_7,1000,1654,True,False,0.000174,0.003224,0.045,ScaleFree
ScaleFree_7010_0.5_8,1000,1735,True,False,0.00019,0.008561,0.065,ScaleFree
ScaleFree_7010_0.5_9,1000,1683,True,False,4e-06,0.007249,0.055,ScaleFree
ScaleFree_8010_0.3_0,1000,2028,True,False,0.000394,0.004095,0.045,ScaleFree
ScaleFree_8010_0.3_1,1000,1847,True,False,0.000142,0.002839,0.035,ScaleFree
ScaleFree_8010_0.3_2,1000,2032,True,False,0.000128,0.005161,0.055,ScaleFree
ScaleFree_8010_0.3_3,1000,2058,True,False,0.000172,0.004002,0.045,ScaleFree
ScaleFree_8010_0.3_4,1000,2178,True,False,0.000523,0.006774,0.055,ScaleFree
ScaleFree_8010_0.3_5,1000,2054,True,False,8.5e-05,0.003181,0.035,ScaleFree
ScaleFree_8010_0.3_6,1000,2019,True,False,0.000362,0.002846,0.035,ScaleFree
ScaleFree_8010_0.3_7,1000,2286,True,False,2.3e-05,0.006022,0.055,ScaleFree
ScaleFree_8010_0.3_8,1000,2222,True,False,8.8e-05,0.004397,0.045,ScaleFree
ScaleFree_8010_0.3_9,1000,2042,True,False,1.6e-05,0.005278,0.055,ScaleFree
ScaleFree_8010_0.5_0,1000,1709,True,False,5e-06,0.005162,0.055,ScaleFree
ScaleFree_8010_0.5_1,1000,1703,True,False,0.000103,0.004313,0.045,ScaleFree
ScaleFree_8010_0.5_2,1000,1697,True,False,1.2e-05,0.004316,0.045,ScaleFree
ScaleFree_8010_0.5_3,1000,1607,True,False,2.7e-05,0.003851,0.045,ScaleFree
ScaleFree_8010_0.5_4,1000,1744,True,False,8.6e-05,0.005824,0.055,ScaleFree
ScaleFree_8010_0.5_5,1000,1609,True,False,0.000182,0.003353,0.045,ScaleFree
ScaleFree_8010_0.5_6,1000,1524,True,False,0.000102,0.002725,0.035,ScaleFree
ScaleFree_8010_0.5_7,1000,1481,True,False,0.0,0.002264,0.035,ScaleFree
ScaleFree_8010_0.5_8,1000,1639,True,False,3.4e-05,0.004308,0.045,ScaleFree
ScaleFree_8010_0.5_9,1000,1717,True,False,2.1e-05,0.006061,0.055,ScaleFree
ScaleFree_9010_0.3_0,1000,1989,True,False,0.000216,0.004203,0.045,ScaleFree
ScaleFree_9010_0.3_1,1000,1944,True,False,3.4e-05,0.003044,0.035,ScaleFree
ScaleFree_9010_0.3_2,1000,2166,True,False,4e-06,0.005098,0.055,ScaleFree
ScaleFree_9010_0.3_3,1000,2026,True,False,0.000203,0.00372,0.045,ScaleFree
ScaleFree_9010_0.3_4,1000,1950,True,False,0.000372,0.003424,0.045,ScaleFree
ScaleFree_9010_0.3_5,1000,1947,True,False,0.000115,0.004169,0.045,ScaleFree
ScaleFree_9010_0.3_6,1000,1969,True,False,3.6e-05,0.004061,0.045,ScaleFree
ScaleFree_9010_0.3_7,1000,2067,True,False,0.000286,0.003197,0.045,ScaleFree
ScaleFree_9010_0.3_8,1000,2186,True,False,0.000369,0.006541,0.055,ScaleFree
ScaleFree_9010_0.3_9,1000,2167,True,False,0.000477,0.005455,0.055,ScaleFree
ScaleFree_9010_0.5_0,1000,1638,True,False,0.000422,0.003344,0.045,ScaleFree
ScaleFree_9010_0.5_1,1000,1696,True,False,0.000921,0.005724,0.055,ScaleFree
ScaleFree_9010_0.5_2,1000,1732,True,False,9.8e-05,0.007981,0.065,ScaleFree
ScaleFree_9010_0.5_3,1000,1567,True,False,0.000167,0.003095,0.035,ScaleFree
ScaleFree_9010_0.5_4,1000,1715,True,False,4.3e-05,0.007202,0.055,ScaleFree
ScaleFree_9010_0.5_5,1000,1629,True,False,8.9e-05,0.004725,0.045,ScaleFree
ScaleFree_9010_0.5_6,1000,1653,True,False,0.000436,0.004116,0.045,ScaleFree
ScaleFree_9010_0.5_7,1000,1588,True,False,0.000253,0.003212,0.045,ScaleFree
ScaleFree_9010_0.5_8,1000,1661,True,False,0.000442,0.005717,0.055,ScaleFree
ScaleFree_9010_0.5_9,1000,1678,True,False,6.6e-05,0.003584,0.045,ScaleFree
ScaleFree_10010_0.3_0,1000,2036,True,False,2.6e-05,0.006577,0.055,ScaleFree
ScaleFree_10010_0.3_1,1000,2042,True,False,0.000386,0.00684,0.055,ScaleFree
ScaleFree_10010_0.3_2,1000,2065,True,False,0.000215,0.005073,0.055,ScaleFree
ScaleFree_10010_0.3_3,1000,2002,True,False,9e-05,0.00319,0.045,ScaleFree
ScaleFree_10010_0.3_4,1000,2192,True,False,0.000137,0.004997,0.055,ScaleFree
ScaleFree_10010_0.3_5,1000,2077,True,False,0.000572,0.005087,0.055,ScaleFree
ScaleFree_10010_0.3_6,1000,2156,True,False,3.2e-05,0.006607,0.055,ScaleFree
ScaleFree_10010_0.3_7,1000,2175,True,False,4.4e-05,0.005528,0.055,ScaleFree
ScaleFree_10010_0.3_8,1000,2138,True,False,4.1e-05,0.006092,0.055,ScaleFree
ScaleFree_10010_0.3_9,1000,1968,True,False,2.5e-05,0.003948,0.045,ScaleFree
ScaleFree_10010_0.5_0,1000,1573,True,False,0.000154,0.003515,0.045,ScaleFree
ScaleFree_10010_0.5_1,1000,1627,True,False,7.3e-05,0.004693,0.045,ScaleFree
ScaleFree_10010_0.5_2,1000,1668,True,False,4.5e-05,0.006487,0.055,ScaleFree
ScaleFree_10010_0.5_3,1000,1563,True,False,0.000268,0.002777,0.035,ScaleFree
ScaleFree_10010_0.5_4,1000,1721,True,False,3.9e-05,0.004201,0.045,ScaleFree
ScaleFree_10010_0.5_5,1000,1609,True,False,1e-05,0.003323,0.045,ScaleFree
ScaleFree_10010_0.5_6,1000,1594,True,False,0.000131,0.005895,0.055,ScaleFree
ScaleFree_10010_0.5_7,1000,1577,True,False,0.000761,0.003512,0.045,ScaleFree
ScaleFree_10010_0.5_8,1000,1687,True,False,3.4e-05,0.008536,0.065,ScaleFree
ScaleFree_10010_0.5_9,1000,1526,True,False,7e-06,0.002611,0.035,ScaleFree
ScaleFree_11010_0.3_0,1000,2171,True,False,0.000887,0.005315,0.055,ScaleFree
ScaleFree_11010_0.3_1,1000,2129,True,False,7.8e-05,0.005746,0.055,ScaleFree
ScaleFree_11010_0.3_2,1000,2157,True,False,0.000322,0.007589,0.065,ScaleFree
ScaleFree_11010_0.3_3,1000,2148,True,False,0.000138,0.005053,0.055,ScaleFree
ScaleFree_11010_0.3_4,1000,2176,True,False,4e-06,0.006969,0.055,ScaleFree
ScaleFree_11010_0.3_5,1000,2017,True,False,3.7e-05,0.00479,0.045,ScaleFree
ScaleFree_11010_0.3_6,1000,2011,True,False,0.000124,0.003095,0.035,ScaleFree
ScaleFree_11010_0.3_7,1000,2050,True,False,0.000175,0.007981,0.065,ScaleFree
ScaleFree_11010_0.3_8,1000,1950,True,False,2.2e-05,0.003492,0.045,ScaleFree
ScaleFree_11010_0.3_9,1000,2031,True,False,0.00053,0.004102,0.045,ScaleFree
ScaleFree_11010_0.5_0,1000,1585,True,False,0.00049,0.003143,0.035,ScaleFree
ScaleFree_11010_0.5_1,1000,1578,True,False,2e-05,0.003142,0.035,ScaleFree
ScaleFree_11010_0.5_2,1000,1681,True,False,2e-05,0.00676,0.055,ScaleFree
ScaleFree_11010_0.5_3,1000,1695,True,False,0.000257,0.004708,0.045,ScaleFree
ScaleFree_11010_0.5_4,1000,1635,True,False,0.000773,0.004002,0.045,ScaleFree
ScaleFree_11010_0.5_5,1000,1696,True,False,2.7e-05,0.004242,0.045,ScaleFree
ScaleFree_11010_0.5_6,1000,1649,True,False,9.3e-05,0.00493,0.045,ScaleFree
ScaleFree_11010_0.5_7,1000,1615,True,False,8e-05,0.004261,0.045,ScaleFree
ScaleFree_11010_0.5_8,1000,1588,True,False,0.000839,0.003124,0.035,ScaleFree
ScaleFree_11010_0.5_9,1000,1682,True,False,0.000123,0.005544,0.055,ScaleFree
ScaleFree_12010_0.3_0,1000,1922,True,False,2e-06,0.002721,0.035,ScaleFree
ScaleFree_12010_0.3_1,1000,2145,True,False,7.1e-05,0.005721,0.055,ScaleFree
ScaleFree_12010_0.3_2,1000,1974,True,False,0.000155,0.005587,0.055,ScaleFree
ScaleFree_12010_0.3_3,1000,1817,True,False,3.3e-05,0.002756,0.035,ScaleFree
ScaleFree_12010_0.3_4,1000,1978,True,False,0.000234,0.004401,0.045,ScaleFree
ScaleFree_12010_0.3_5,1000,2132,True,False,0.000563,0.006408,0.055,ScaleFree
ScaleFree_12010_0.3_6,1000,1759,True,False,1.2e-05,0.002701,0.035,ScaleFree
ScaleFree_12010_0.3_7,1000,2232,True,False,7.6e-05,0.008566,0.065,ScaleFree
ScaleFree_12010_0.3_8,1000,1701,True,False,0.000475,0.00205,0.035,ScaleFree
ScaleFree_12010_0.3_9,1000,2249,True,False,0.000333,0.006331,0.055,ScaleFree
ScaleFree_12010_0.5_0,1000,1639,True,False,4.2e-05,0.004385,0.045,ScaleFree
ScaleFree_12010_0.5_1,1000,1556,True,False,1e-05,0.004719,0.045,ScaleFree
ScaleFree_12010_0.5_2,1000,1653,True,False,0.000111,0.004624,0.045,ScaleFree
ScaleFree_12010_0.5_3,1000,1631,True,False,4.5e-05,0.003956,0.045,ScaleFree
ScaleFree_12010_0.5_4,1000,1786,True,False,1.3e-05,0.009669,0.065,ScaleFree
ScaleFree_12010_0.5_5,1000,1681,True,False,0.000414,0.007635,0.065,ScaleFree
ScaleFree_12010_0.5_6,1000,1397,True,False,6.2e-05,0.002052,0.035,ScaleFree
ScaleFree_12010_0.5_7,1000,1595,True,False,8.7e-05,0.003995,0.045,ScaleFree
ScaleFree_12010_0.5_8,1000,1655,True,False,0.000771,0.005152,0.055,ScaleFree
ScaleFree_12010_0.5_9,1000,1634,True,False,0.000383,0.003751,0.045,ScaleFree
ScaleFree_13010_0.3_0,1000,2162,True,False,0.000353,0.005193,0.055,ScaleFree
ScaleFree_13010_0.3_1,1000,2032,True,False,0.000311,0.003287,0.045,ScaleFree
ScaleFree_13010_0.3_2,1000,2140,True,False,0.000167,0.005387,0.055,ScaleFree
ScaleFree_13010_0.3_3,1000,2120,True,False,0.000119,0.004496,0.045,ScaleFree
ScaleFree_13010_0.3_4,1000,2022,True,False,0.000335,0.004087,0.045,ScaleFree
ScaleFree_13010_0.3_5,1000,2031,True,False,9.2e-05,0.004161,0.045,ScaleFree
ScaleFree_13010_0.3_6,1000,2015,True,False,0.000908,0.004996,0.055,ScaleFree
ScaleFree_13010_0.3_7,1000,2006,True,False,5e-05,0.004425,0.045,ScaleFree
ScaleFree_13010_0.3_8,1000,1983,True,False,4e-05,0.00335,0.045,ScaleFree
ScaleFree_13010_0.3_9,1000,1895,True,False,0.000163,0.003336,0.045,ScaleFree
ScaleFree_13010_0.5_0,1000,1552,True,False,9.3e-05,0.002993,0.035,ScaleFree
ScaleFree_13010_0.5_1,1000,1632,True,False,2.2e-05,0.004562,0.045,ScaleFree
ScaleFree_13010_0.5_2,1000,1616,True,False,9.5e-05,0.004947,0.045,ScaleFree
ScaleFree_13010_0.5_3,1000,1607,True,False,0.000119,0.002754,0.035,ScaleFree
ScaleFree_13010_0.5_4,1000,1593,True,False,0.000627,0.00377,0.045,ScaleFree
ScaleFree_13010_0.5_5,1000,1692,True,False,0.00052,0.004433,0.045,ScaleFree
ScaleFree_13010_0.5_6,1000,1659,True,False,0.000304,0.007365,0.065,ScaleFree
ScaleFree_13010_0.5_7,1000,1691,True,False,3.4e-05,0.004273,0.045,ScaleFree
ScaleFree_13010_0.5_8,1000,1645,True,False,0.00014,0.004563,0.045,ScaleFree
ScaleFree_13010_0.5_9,1000,1654,True,False,0.000129,0.004163,0.045,ScaleFree
ScaleFree_14010_0.3_0,1000,2138,True,False,2e-05,0.006613,0.055,ScaleFree
ScaleFree_14010_0.3_1,1000,1852,True,False,3e-05,0.002886,0.035,ScaleFree
ScaleFree_14010_0.3_2,1000,1951,True,False,4.8e-05,0.004114,0.045,ScaleFree
ScaleFree_14010_0.3_3,1000,2200,True,False,4.7e-05,0.00461,0.045,ScaleFree
ScaleFree_14010_0.3_4,1000,1978,True,False,0.000127,0.00343,0.045,ScaleFree
ScaleFree_14010_0.3_5,1000,1916,True,False,0.000222,0.003254,0.045,ScaleFree
ScaleFree_14010_0.3_6,1000,2183,True,False,0.000162,0.004452,0.045,ScaleFree
ScaleFree_14010_0.3_7,1000,2059,True,False,2.1e-05,0.005229,0.055,ScaleFree
ScaleFree_14010_0.3_8,1000,2009,True,False,7.7e-05,0.006864,0.055,ScaleFree
ScaleFree_14010_0.3_9,1000,1910,True,False,2.4e-05,0.004405,0.045,ScaleFree
ScaleFree_14010_0.5_0,1000,1726,True,False,3.8e-05,0.004671,0.045,ScaleFree
ScaleFree_14010_0.5_1,1000,1702,True,False,0.000381,0.005592,0.055,ScaleFree
ScaleFree_14010_0.5_2,1000,1674,True,False,4.6e-05,0.004529,0.045,ScaleFree
ScaleFree_14010_0.5_3,1000,1607,True,False,1.4e-05,0.00305,0.035,ScaleFree
ScaleFree_14010_0.5_4,1000,1643,True,False,0.000139,0.005013,0.045,ScaleFree
ScaleFree_14010_0.5_5,1000,1747,True,False,0.000507,0.008742,0.065,ScaleFree
ScaleFree_14010_0.5_6,1000,1691,True,False,0.00013,0.005697,0.055,ScaleFree
ScaleFree_14010_0.5_7,1000,1672,True,False,0.000526,0.005643,0.055,ScaleFree
ScaleFree_14010_0.5_8,1000,1661,True,False,7.7e-05,0.003612,0.045,ScaleFree
ScaleFree_14010_0.5_9,1000,1567,True,False,0.000251,0.002984,0.035,ScaleFree
ScaleFree_15010_0.3_0,1000,2047,True,False,8.5e-05,0.005248,0.055,ScaleFree
ScaleFree_15010_0.3_1,1000,1972,True,False,1.3e-05,0.003327,0.045,ScaleFree
ScaleFree_15010_0.3_2,1000,2102,True,False,2.3e-05,0.005564,0.055,ScaleFree
ScaleFree_15010_0.3_3,1000,2043,True,False,0.00061,0.002931,0.035,ScaleFree
ScaleFree_15010_0.3_4,1000,1843,True,False,2.8e-05,0.003322,0.045,ScaleFree
ScaleFree_15010_0.3_5,1000,2159,True,False,0.000271,0.004465,0.045,ScaleFree
ScaleFree_15010_0.3_6,1000,2216,True,False,0.000142,0.005855,0.055,ScaleFree
ScaleFree_15010_0.3_7,1000,1974,True,False,2.4e-05,0.005974,0.055,ScaleFree
ScaleFree_15010_0.3_8,1000,2066,True,False,0.000134,0.003841,0.045,ScaleFree
ScaleFree_15010_0.3_9,1000,2106,True,False,0.00029,0.003968,0.045,ScaleFree
ScaleFree_15010_0.5_0,1000,1723,True,False,0.000249,0.00663,0.055,ScaleFree
ScaleFree_15010_0.5_1,1000,1609,True,False,0.000282,0.00346,0.045,ScaleFree
ScaleFree_15010_0.5_2,1000,1704,True,False,0.000199,0.005287,0.055,ScaleFree
ScaleFree_15010_0.5_3,1000,1707,True,False,0.000385,0.006345,0.055,ScaleFree
ScaleFree_15010_0.5_4,1000,1665,True,False,0.000174,0.004296,0.045,ScaleFree
ScaleFree_15010_0.5_5,1000,1700,True,False,0.000153,0.007205,0.055,ScaleFree
ScaleFree_15010_0.5_6,1000,1705,True,False,6e-05,0.005929,0.055,ScaleFree
ScaleFree_15010_0.5_7,1000,1634,True,False,2e-05,0.004211,0.045,ScaleFree
ScaleFree_15010_0.5_8,1000,1705,True,False,0.000617,0.005992,0.055,ScaleFree
ScaleFree_15010_0.5_9,1000,1724,True,False,3.6e-05,0.007646,0.065,ScaleFree
ScaleFree_16010_0.3_0,1000,2135,True,False,8e-06,0.006246,0.055,ScaleFree
ScaleFree_16010_0.3_1,1000,2024,True,False,0.000153,0.004018,0.045,ScaleFree
ScaleFree_16010_0.3_2,1000,2009,True,False,0.000319,0.00409,0.045,ScaleFree
ScaleFree_16010_0.3_3,1000,2015,True,False,6.1e-05,0.00357,0.045,ScaleFree
ScaleFree_16010_0.3_4,1000,2135,True,False,0.000152,0.00403,0.045,ScaleFree
ScaleFree_16010_0.3_5,1000,2077,True,False,0.000184,0.004346,0.045,ScaleFree
ScaleFree_16010_0.3_6,1000,2193,True,False,4.6e-05,0.007196,0.065,ScaleFree
ScaleFree_16010_0.3_7,1000,1879,True,False,4.8e-05,0.003885,0.045,ScaleFree
ScaleFree_16010_0.3_8,1000,2100,True,False,0.000943,0.005484,0.055,ScaleFree
ScaleFree_16010_0.3_9,1000,2026,True,False,3.9e-05,0.003655,0.045,ScaleFree
ScaleFree_16010_0.5_0,1000,1668,True,False,1.2e-05,0.004712,0.045,ScaleFree
ScaleFree_16010_0.5_1,1000,1682,True,False,0.000199,0.004887,0.045,ScaleFree
ScaleFree_16010_0.5_2,1000,1607,True,False,0.000125,0.004071,0.045,ScaleFree
ScaleFree_16010_0.5_3,1000,1773,True,False,0.000196,0.006114,0.055,ScaleFree
ScaleFree_16010_0.5_4,1000,1672,True,False,0.000183,0.005485,0.055,ScaleFree
ScaleFree_16010_0.5_5,1000,1644,True,False,0.000283,0.004469,0.045,ScaleFree
ScaleFree_16010_0.5_6,1000,1691,True,False,0.000279,0.006354,0.055,ScaleFree
ScaleFree_16010_0.5_7,1000,1660,True,False,0.000206,0.003837,0.045,ScaleFree
ScaleFree_16010_0.5_8,1000,1652,True,False,1.1e-05,0.005122,0.055,ScaleFree
ScaleFree_16010_0.5_9,1000,1688,True,False,5.7e-05,0.003722,0.045,ScaleFree
ScaleFree_17010_0.3_0,1000,1964,True,False,0.000254,0.00301,0.035,ScaleFree
ScaleFree_17010_0.3_1,1000,2180,True,False,0.000166,0.00714,0.055,ScaleFree
ScaleFree_17010_0.3_2,1000,1986,True,False,0.000178,0.004013,0.045,ScaleFree
ScaleFree_17010_0.3_3,1000,2052,True,False,3e-05,0.00394,0.045,ScaleFree
ScaleFree_17010_0.3_4,1000,1959,True,False,3.9e-05,0.00364,0.045,ScaleFree
ScaleFree_17010_0.3_5,1000,1948,True,False,0.00025,0.003011,0.035,ScaleFree
ScaleFree_17010_0.3_6,1000,2172,True,False,4.7e-05,0.005715,0.055,ScaleFree
ScaleFree_17010_0.3_7,1000,2173,True,False,3e-06,0.006247,0.055,ScaleFree
ScaleFree_17010_0.3_8,1000,2193,True,False,0.000369,0.006431,0.055,ScaleFree
ScaleFree_17010_0.3_9,1000,2026,True,False,0.000181,0.004106,0.045,ScaleFree
ScaleFree_17010_0.5_0,1000,1589,True,False,7.5e-05,0.004477,0.045,ScaleFree
ScaleFree_17010_0.5_1,1000,1687,True,False,0.000244,0.007406,0.065,ScaleFree
ScaleFree_17010_0.5_2,1000,1657,True,False,5.7e-05,0.004116,0.045,ScaleFree
ScaleFree_17010_0.5_3,1000,1597,True,False,6.7e-05,0.003936,0.045,ScaleFree
ScaleFree_17010_0.5_4,1000,1694,True,False,0.000546,0.006221,0.055,ScaleFree
ScaleFree_17010_0.5_5,1000,1621,True,False,0.000173,0.004128,0.045,ScaleFree
ScaleFree_17010_0.5_6,1000,1678,True,False,9e-05,0.005033,0.055,ScaleFree
ScaleFree_17010_0.5_7,1000,1628,True,False,0.000323,0.002854,0.035,ScaleFree
ScaleFree_17010_0.5_8,1000,1630,True,False,1.1e-05,0.004267,0.045,ScaleFree
ScaleFree_17010_0.5_9,1000,1652,True,False,0.000127,0.003875,0.045,ScaleFree
ScaleFree_18010_0.3_0,1000,2209,True,False,7e-05,0.006101,0.055,ScaleFree
ScaleFree_18010_0.3_1,1000,2099,True,False,0.000318,0.00655,0.055,ScaleFree
ScaleFree_18010_0.3_2,1000,2079,True,False,1.2e-05,0.004896,0.045,ScaleFree
ScaleFree_18010_0.3_3,1000,2056,True,False,0.000163,0.006944,0.055,ScaleFree
ScaleFree_18010_0.3_4,1000,1923,True,False,0.000786,0.002768,0.035,ScaleFree
ScaleFree_18010_0.3_5,1000,1955,True,False,2.9e-05,0.003284,0.045,ScaleFree
ScaleFree_18010_0.3_6,1000,2094,True,False,1.3e-05,0.004042,0.045,ScaleFree
ScaleFree_18010_0.3_7,1000,2223,True,False,8.5e-05,0.007926,0.065,ScaleFree
ScaleFree_18010_0.3_8,1000,1826,True,False,0.000378,0.002736,0.035,ScaleFree
ScaleFree_18010_0.3_9,1000,1920,True,False,0.000166,0.003167,0.035,ScaleFree
ScaleFree_18010_0.5_0,1000,1654,True,False,0.000416,0.003774,0.045,ScaleFree
ScaleFree_18010_0.5_1,1000,1647,True,False,0.000215,0.004287,0.045,ScaleFree
ScaleFree_18010_0.5_2,1000,1633,True,False,0.000119,0.004497,0.045,ScaleFree
ScaleFree_18010_0.5_3,1000,1698,True,False,0.000339,0.004082,0.045,ScaleFree
ScaleFree_18010_0.5_4,1000,1567,True,False,3.9e-05,0.003654,0.045,ScaleFree
ScaleFree_18010_0.5_5,1000,1671,True,False,7.9e-05,0.004732,0.045,ScaleFree
ScaleFree_18010_0.5_6,1000,1641,True,False,7.3e-05,0.003139,0.035,ScaleFree
ScaleFree_18010_0.5_7,1000,1543,True,False,3.9e-05,0.002642,0.035,ScaleFree
ScaleFree_18010_0.5_8,1000,1610,True,False,5.8e-05,0.002939,0.035,ScaleFree
ScaleFree_18010_0.5_9,1000,1606,True,False,8.7e-05,0.003707,0.045,ScaleFree
ScaleFree_19010_0.3_0,1000,1971,True,False,1.2e-05,0.004364,0.045,ScaleFree
ScaleFree_19010_0.3_1,1000,2056,True,False,0.0001,0.005294,0.055,ScaleFree
ScaleFree_19010_0.3_2,1000,1927,True,False,6.7e-05,0.004076,0.045,ScaleFree
ScaleFree_19010_0.3_3,1000,2057,True,False,1.3e-05,0.00451,0.045,ScaleFree
ScaleFree_19010_0.3_4,1000,1949,True,False,0.000142,0.004075,0.045,ScaleFree
ScaleFree_19010_0.3_5,1000,1964,True,False,5.5e-05,0.004162,0.045,ScaleFree
ScaleFree_19010_0.3_6,1000,2310,True,False,0.000322,0.008278,0.065,ScaleFree
ScaleFree_19010_0.3_7,1000,1969,True,False,0.000128,0.004145,0.045,ScaleFree
ScaleFree_19010_0.3_8,1000,2013,True,False,1.8e-05,0.005258,0.055,ScaleFree
ScaleFree_19010_0.3_9,1000,2007,True,False,2e-06,0.005571,0.055,ScaleFree
ScaleFree_19010_0.5_0,1000,1622,True,False,0.000174,0.004607,0.045,ScaleFree
ScaleFree_19010_0.5_1,1000,1768,True,False,4e-05,0.007441,0.065,ScaleFree
ScaleFree_19010_0.5_2,1000,1610,True,False,6.1e-05,0.005161,0.055,ScaleFree
ScaleFree_19010_0.5_3,1000,1651,True,False,3.9e-05,0.004892,0.045,ScaleFree
ScaleFree_19010_0.5_4,1000,1579,True,False,0.000224,0.003393,0.045,ScaleFree
ScaleFree_19010_0.5_5,1000,1710,True,False,0.000219,0.006103,0.055,ScaleFree
ScaleFree_19010_0.5_6,1000,1651,True,False,0.000225,0.003339,0.045,ScaleFree
ScaleFree_19010_0.5_7,1000,1608,True,False,0.000215,0.003623,0.045,ScaleFree
ScaleFree_19010_0.5_8,1000,1673,True,False,2.9e-05,0.003722,0.045,ScaleFree
ScaleFree_19010_0.5_9,1000,1756,True,False,0.00023,0.007315,0.065,ScaleFree
